{"cameraMode":{"drawMode":0,"name":"Shaded","section":"Shading Mode"},"sceneLighting":true,"audioPlay":false,"sceneViewState":{"showFog":true,"showMaterialUpdate":false,"showSkybox":true,"showFlares":true,"showImageEffects":true,"showParticleSystems":true},"in2DMode":false,"pivot":{"x":1.6159318685531617,"y":-39.48262405395508,"z":3.5591554641723635},"rotation":{"x":-0.690981388092041,"y":0.007589664310216904,"z":-0.007255599834024906,"w":-0.7227963209152222},"size":50.50956726074219,"orthographic":false}